order_id,user_id,status,gender,created_at,returned_at,shipped_at,delivered_at,num_of_item
1,3,Shipped,F,8/12/2019 15:15:00,,8/15/2019 14:08:00,,1
2,5,Shipped,M,1/20/2022 9:17:00,,1/22/2022 2:25:00,,1
3,6,Processing,F,7/23/2022 11:33:00,,,,4
4,6,Complete,F,3/1/2020 11:33:00,,3/2/2020 15:57:00,3/4/2020 16:32:00,2
5,7,Complete,F,5/7/2023 14:55:00,,5/9/2023 16:21:00,5/10/2023 18:18:00,1
6,8,Processing,M,6/20/2024 10:48:00,,,,1
7,8,Complete,M,8/28/2022 10:48:00,,8/30/2022 19:28:00,8/31/2022 0:56:00,2
8,9,Returned,F,1/7/2022 1:17:00,1/11/2022 1:20:00,1/7/2022 1:57:00,1/9/2022 9:34:00,1
9,9,Shipped,F,2/13/2023 1:17:00,,2/14/2023 13:24:00,,1
10,10,Shipped,M,9/24/2022 2:46:00,,9/25/2022 4:14:00,,1
11,11,Shipped,F,10/14/2020 10:33:00,,10/15/2020 8:39:00,,1
12,13,Complete,M,12/22/2023 3:05:00,,12/23/2023 7:52:00,12/23/2023 12:19:00,1
13,13,Shipped,M,3/29/2021 3:05:00,,3/31/2021 1:02:00,,1
14,13,Shipped,M,4/16/2023 3:05:00,,4/18/2023 15:10:00,,2
15,13,Complete,M,8/9/2023 3:05:00,,8/9/2023 7:27:00,8/11/2023 4:53:00,2
16,14,C,F,4/23/2024 8:28:00,,4/24/2024 4:10:00,4/28/2024 14:11:00,1
17,15,Processing,M,9/7/2024 0:02:37,,,,1
18,17,Shipped,F,10/31/2022 3:12:00,,11/1/2022 18:38:00,,1
19,18,Returned,M,3/26/2023 0:11:00,4/2/2023 8:54:00,3/28/2023 19:10:00,4/2/2023 3:24:00,1
20,19,Returned,M,9/6/2024 9:20:37,9/12/2024 1:59:37,9/9/2024 7:51:37,9/10/2024 18:02:37,1
21,19,Shipped,M,9/7/2024 9:20:37,,9/8/2024 21:08:37,,2
22,20,Complete,M,7/27/2023 12:19:00,,7/29/2023 9:54:00,7/31/2023 21:31:00,1
23,20,Cancelled,M,2/2/2024 12:19:00,,,,2
24,20,Shipped,M,8/9/2023 12:19:00,,8/10/2023 2:31:00,,1
25,21,Shipped,F,4/7/2023 5:02:00,,4/9/2023 10:13:00,,2
26,22,Processing,F,1/4/2021 0:31:00,,,,1
27,23,Cancelled,M,8/25/2021 6:27:00,,,,2
28,23,Shipped,M,3/3/2023 6:27:00,,3/5/2023 10:41:00,,1
29,23,Shipped,M,2/4/2023 6:27:00,,2/5/2023 2:47:00,,1
30,24,Processing,M,4/28/2024 13:06:00,,,,1
31,25,Processing,F,5/18/2023 7:09:00,,,,2
32,26,Returned,F,6/8/2022 3:15:00,6/16/2022 1:05:00,6/11/2022 0:42:00,6/13/2022 14:14:00,1
33,27,Processing,F,9/27/2022 1:24:00,,,,1
34,27,Shipped,F,4/30/2021 1:24:00,,5/2/2021 7:41:00,,3
35,28,Complete,M,9/9/2024 14:38:38,,9/10/2024 21:16:38,9/12/2024 20:02:38,1
36,29,Shipped,F,9/9/2024 2:39:00,,9/11/2024 12:57:00,,1
37,29,Complete,F,11/25/2022 2:39:00,,11/25/2022 23:20:00,11/29/2022 20:20:00,3
38,31,Shipped,M,1/31/2024 11:46:00,,2/3/2024 7:26:00,,1
39,32,Shipped,M,2/6/2023 1:12:00,,2/8/2023 3:39:00,,1
40,33,Shipped,F,9/10/2024 3:01:38,,9/11/2024 22:02:38,,4
41,33,Returned,F,9/10/2024 3:01:38,9/14/2024 7:36:38,9/12/2024 17:12:38,9/13/2024 0:23:38,1
42,34,Complete,M,12/18/2022 11:44:00,,12/21/2022 8:49:00,12/22/2022 8:41:00,1
43,35,Cancelled,F,12/23/2023 11:26:00,,,,1
44,36,Shipped,M,2/7/2024 3:07:00,,2/8/2024 6:06:00,,1
45,37,Cancelled,M,7/1/2023 12:09:00,,,,2
46,38,Returned,M,1/19/2024 17:17:00,1/26/2024 4:21:00,1/21/2024 12:15:00,1/26/2024 2:21:00,1
47,39,Shipped,F,6/15/2021 18:52:00,,6/17/2021 13:12:00,,1
48,39,Shipped,F,2/27/2022 18:52:00,,3/1/2022 22:08:00,,2
49,39,Complete,F,9/17/2023 18:52:00,,9/20/2023 17:39:00,9/22/2023 23:22:00,1
50,39,Cancelled,F,11/21/2021 18:52:00,,,,2
51,40,Shipped,M,6/5/2021 12:38:00,,6/5/2021 15:09:00,,1
52,40,Cancelled,M,2/2/2023 12:38:00,,,,3
53,42,Complete,M,2/7/2024 1:25:00,,2/7/2024 3:35:00,2/8/2024 5:29:00,1
54,43,Cancelled,M,11/8/2023 2:25:00,,,,1
55,45,Shipped,M,6/26/2022 18:58:00,,6/27/2022 2:24:00,,1
56,46,Complete,F,8/18/2024 4:52:00,,8/21/2024 2:16:00,8/23/2024 8:03:00,1
57,46,Processing,F,8/22/2024 4:52:00,,,,1
58,47,Complete,M,6/11/2024 7:01:00,,6/13/2024 6:26:00,6/17/2024 9:41:00,2
59,48,Proc,M,10/14/2019 1:34:00,,,,2
60,48,Shipped,M,9/18/2021 1:34:00,,9/18/2021 7:22:00,,1
61,48,Complete,M,3/20/2024 1:34:00,,3/20/2024 17:26:00,3/21/2024 1:18:00,2
62,49,Shipped,F,2/19/2023 9:19:00,,2/20/2023 4:22:00,,1
63,49,Shipped,F,12/22/2022 9:19:00,,12/24/2022 5:35:00,,1
64,51,Returned,F,4/30/2020 16:18:00,5/8/2020 8:39:00,5/3/2020 1:10:00,5/6/2020 13:59:00,1
65,51,Complete,F,12/21/2022 16:18:00,,12/22/2022 20:39:00,12/24/2022 6:13:00,1
66,51,Complete,F,5/29/2024 16:18:00,,6/1/2024 12:18:00,6/4/2024 16:50:00,1
67,52,Complete,M,11/12/2023 8:53:00,,11/14/2023 8:25:00,11/14/2023 12:22:00,1
68,53,Complete,M,2/12/2024 8:35:00,,2/13/2024 16:54:00,2/14/2024 2:23:00,1
69,53,Shipped,M,7/9/2024 8:35:00,,7/10/2024 15:36:00,,1
70,55,Complete,M,4/1/2024 16:08:00,,4/2/2024 0:30:00,4/2/2024 7:18:00,2
71,55,Complete,M,8/23/2024 16:08:00,,8/25/2024 7:42:00,8/29/2024 17:05:00,3
72,55,Shipped,M,11/20/2022 16:08:00,,11/23/2022 9:58:00,,1
73,56,Shipped,M,1/14/2022 13:23:00,,1/15/2022 10:56:00,,2
74,58,Cancelled,M,6/28/2024 7:30:00,,,,1
75,58,Cancelled,M,12/27/2021 7:30:00,,,,1
76,60,Processing,F,6/15/2020 3:57:00,,,,1
77,61,Complete,F,9/11/2024 17:29:38,,9/12/2024 1:35:38,9/15/2024 4:39:38,1
78,63,Shipped,F,6/24/2024 16:28:00,,6/26/2024 17:30:00,,1
79,63,Processing,F,5/29/2023 16:28:00,,,,1
80,63,Cancelled,F,1/11/2024 16:28:00,,,,3
81,63,Cancelled,F,1/14/2024 16:28:00,,,,1
82,64,Shipped,F,9/10/2024 11:44:38,,9/11/2024 0:28:38,,1
83,66,Shipped,F,6/19/2024 6:19:00,,6/21/2024 15:35:00,,1
84,67,Cancelled,F,3/23/2023 3:39:00,,,,1
85,67,Returned,F,7/25/2023 3:39:00,7/26/2023 3:24:00,7/25/2023 15:12:00,7/26/2023 3:12:00,2
86,69,Shipped,F,4/5/2023 18:10:00,,4/6/2023 18:25:00,,1
87,70,Complete,M,8/18/2023 5:21:00,,8/19/2023 8:16:00,8/22/2023 4:09:00,1
88,70,Shipped,M,12/22/2021 5:21:00,,12/24/2021 13:43:00,,1
89,70,Complete,M,2/5/2020 5:21:00,,2/5/2020 9:24:00,2/9/2020 0:07:00,2
90,70,Returned,M,3/15/2020 5:21:00,3/20/2020 22:35:00,3/17/2020 16:19:00,3/20/2020 9:57:00,4
91,71,Cancelled,M,12/12/2021 9:07:00,,,,1
92,72,Cancelled,F,6/27/2024 4:47:00,,,,1
93,73,Processing,F,3/27/2020 17:16:00,,,,1
94,75,Shipped,F,9/4/2024 5:47:00,,9/4/2024 8:55:00,,2
95,75,Processing,F,9/9/2024 5:47:00,,,,1
96,75,Shipped,F,8/30/2024 5:47:00,,8/30/2024 18:45:00,,1
97,75,Shipped,F,9/7/2024 5:47:00,,9/9/2024 4:56:00,,1
98,76,Cancelled,F,9/16/2020 13:12:00,,,,1
99,77,Complete,M,6/22/2022 18:25:00,,6/24/2022 5:37:00,6/27/2022 10:55:00,2
100,78,Shipped,M,6/10/2024 5:55:00,,6/10/2024 11:11:00,,1
101,79,Shipped,M,2/19/2024 2:14:00,,2/21/2024 20:40:00,,4
102,79,Cancelled,M,7/8/2024 2:14:00,,,,1
103,80,Complete,F,3/20/2023 1:18:00,,3/22/2023 2:33:00,3/22/2023 5:01:00,1
104,82,Complete,F,1/12/2024 6:08:00,,1/13/2024 13:52:00,1/14/2024 14:23:00,1
105,83,Cancelled,F,9/28/2023 10:22:00,,,,2
106,84,Shipped,F,9/30/2023 12:59:00,,10/1/2023 1:17:00,,1
107,84,Complete,F,6/30/2021 12:59:00,,6/30/2021 22:40:00,7/3/2021 6:52:00,1
108,85,Shipped,M,2/24/2024 18:19:00,,2/27/2024 2:55:00,,1
109,87,Cancelled,F,9/21/2023 3:55:00,,,,3
110,87,Complete,F,3/15/2022 3:55:00,,3/16/2022 12:46:00,3/18/2022 1:04:00,2
111,87,Complete,F,2/3/2024 3:55:00,,2/3/2024 16:18:00,2/5/2024 17:35:00,1
112,88,Shipped,F,10/7/2023 16:33:00,,10/7/2023 23:58:00,,1
113,89,Sh,F,2/28/2022 9:45:00,,3/1/2022 14:47:00,,1
114,89,Cancelled,F,1/22/2023 9:45:00,,,,1
115,91,Processing,F,1/17/2021 10:05:00,,,,1
116,92,Complete,F,10/29/2020 10:15:00,,10/30/2020 1:11:00,10/30/2020 12:29:00,1
117,93,Shipped,M,11/13/2023 11:12:00,,11/15/2023 14:30:00,,1
118,93,Cancelled,M,8/2/2024 11:12:00,,,,1
119,93,Complete,M,7/19/2024 11:12:00,,7/21/2024 23:06:00,7/26/2024 14:08:00,3
120,93,Processing,M,5/20/2021 11:12:00,,,,2
121,94,Complete,F,12/2/2021 17:16:00,,12/5/2021 9:05:00,12/8/2021 18:33:00,1
122,96,Complete,F,10/10/2022 18:10:00,,10/13/2022 10:59:00,10/17/2022 22:37:00,1
123,98,Complete,F,6/8/2024 14:59:00,,6/9/2024 21:17:00,6/14/2024 12:06:00,1
124,98,Returned,F,8/4/2023 14:59:00,8/9/2023 22:57:00,8/5/2023 23:20:00,8/9/2023 13:06:00,1
125,98,Processing,F,11/7/2023 14:59:00,,,,1
126,98,Shipped,F,10/16/2021 14:59:00,,10/19/2021 0:36:00,,4
127,99,Returned,M,6/28/2024 12:28:00,7/3/2024 15:57:00,6/30/2024 8:56:00,6/30/2024 21:05:00,1
128,106,Complete,F,1/18/2022 17:45:00,,1/19/2022 23:32:00,1/24/2022 16:31:00,1
129,107,Shipped,F,1/28/2024 9:44:00,,1/29/2024 4:01:00,,1
130,108,Shipped,F,8/2/2022 0:33:00,,8/3/2022 2:10:00,,1
131,109,Complete,M,9/1/2022 4:50:00,,9/2/2022 22:56:00,9/7/2022 6:55:00,2
132,109,Processing,M,11/8/2022 4:50:00,,,,1
133,110,Complete,F,12/27/2022 16:20:00,,12/27/2022 23:06:00,12/28/2022 9:08:00,2
134,112,Complete,M,4/15/2022 1:34:00,,4/16/2022 13:33:00,4/19/2022 4:56:00,1
135,112,Cancelled,M,4/25/2022 1:34:00,,,,1
136,112,Cancelled,M,8/15/2021 1:34:00,,,,1
137,112,Complete,M,8/25/2019 1:34:00,,8/27/2019 9:49:00,8/30/2019 12:02:00,2
138,113,Complete,M,5/13/2022 15:42:00,,5/13/2022 20:10:00,5/15/2022 2:55:00,2
139,113,Shipped,M,4/18/2021 15:42:00,,4/19/2021 15:53:00,,2
140,114,Returned,M,12/9/2023 8:03:00,12/15/2023 17:15:00,12/9/2023 9:41:00,12/12/2023 18:45:00,3
141,115,Complete,M,9/1/2024 0:18:00,,9/3/2024 3:28:00,9/4/2024 2:29:00,1
142,116,Returned,M,9/8/2022 18:15:00,9/13/2022 14:42:00,9/9/2022 23:20:00,9/11/2022 1:35:00,1
143,117,Complete,F,7/26/2023 10:20:00,,7/28/2023 14:14:00,7/31/2023 12:00:00,1
144,117,Shipped,F,4/7/2023 10:20:00,,4/10/2023 0:56:00,,2
145,118,Complete,M,5/4/2024 5:28:00,,5/6/2024 23:06:00,5/9/2024 17:31:00,2
146,119,Processing,F,3/4/2023 17:58:00,,,,2
147,119,Returned,F,12/2/2019 17:58:00,12/6/2019 6:03:00,12/3/2019 7:01:00,12/4/2019 2:23:00,2
148,121,Processing,F,12/15/2022 17:55:00,,,,1
149,121,Processing,F,3/29/2021 17:55:00,,,,1
150,122,Complete,F,3/11/2023 16:07:00,,3/12/2023 2:54:00,3/15/2023 22:49:00,4
151,122,Processing,F,4/6/2024 16:07:00,,,,1
152,123,Canc,M,4/12/2023 14:02:00,,,,1
153,124,Shipped,F,9/11/2023 15:24:00,,9/12/2023 0:17:00,,2
154,124,Complete,F,4/23/2024 15:24:00,,4/24/2024 4:45:00,4/26/2024 8:56:00,1
155,124,Complete,F,6/9/2024 15:24:00,,6/11/2024 13:43:00,6/13/2024 10:06:00,1
156,126,Complete,F,10/27/2022 0:56:00,,10/27/2022 9:28:00,10/29/2022 17:46:00,1
157,126,Processing,F,8/1/2022 0:56:00,,,,1
158,127,Shipped,F,4/16/2021 1:09:00,,4/16/2021 6:49:00,,2
159,128,Processing,M,12/6/2020 7:25:00,,,,1
160,129,Processing,M,7/13/2024 9:24:00,,,,1
161,129,Shipped,M,6/29/2024 9:24:00,,7/1/2024 10:43:00,,2
162,130,Cancelled,M,1/29/2021 13:48:00,,,,1
163,130,Shipped,M,7/15/2024 13:48:00,,7/15/2024 20:24:00,,1
164,131,Processing,M,8/4/2021 13:46:00,,,,1
165,131,Processing,M,5/20/2021 13:46:00,,,,1
166,131,Cancelled,M,6/14/2022 13:46:00,,,,1
167,131,Shipped,M,3/9/2023 13:46:00,,3/11/2023 17:58:00,,4
168,132,Shipped,M,5/30/2024 12:26:00,,5/30/2024 20:27:00,,1
169,133,Complete,M,5/9/2023 14:52:00,,5/11/2023 0:31:00,5/12/2023 12:57:00,1
170,134,Processing,F,4/18/2024 14:58:00,,,,1
171,134,Cancelled,F,4/18/2023 14:58:00,,,,1
172,136,Processing,M,6/15/2023 18:41:00,,,,2
173,137,Complete,F,9/14/2020 12:12:00,,9/16/2020 4:57:00,9/19/2020 6:18:00,1
174,138,Complete,M,8/8/2022 17:28:00,,8/11/2022 2:48:00,8/15/2022 16:58:00,1
175,140,Shipped,M,6/14/2024 16:50:00,,6/15/2024 9:16:00,,2
176,141,Complete,F,2/29/2024 11:22:00,,3/1/2024 16:48:00,3/4/2024 3:15:00,2
177,142,Processing,M,2/13/2023 12:53:00,,,,1
178,143,Shipped,M,8/28/2023 17:27:00,,8/29/2023 0:57:00,,1
179,144,Shipped,F,7/29/2024 13:41:00,,8/1/2024 3:10:00,,1
180,144,Processing,F,7/16/2024 13:41:00,,,,1
181,145,Processing,M,8/22/2023 6:14:00,,,,1
182,146,Shipped,M,2/13/2021 0:33:00,,2/14/2021 22:28:00,,1
183,147,-,M,6/23/2024 5:04:00,,6/24/2024 0:01:00,6/26/2024 18:24:00,1
184,148,Complete,F,9/30/2023 18:03:00,,9/30/2023 23:37:00,10/3/2023 5:00:00,1
185,150,Processing,F,6/29/2024 3:23:00,,,,1
186,150,Cancelled,F,8/1/2024 3:23:00,,,,1
187,151,Complete,M,3/21/2023 8:08:00,,3/24/2023 1:40:00,3/28/2023 17:03:00,2
188,152,Shipped,F,6/8/2024 15:59:00,,6/10/2024 6:37:00,,1
189,153,Shipped,M,7/23/2024 18:08:00,,7/25/2024 19:54:00,,1
190,154,Returned,M,9/29/2021 1:45:00,10/4/2021 13:55:00,10/1/2021 18:25:00,10/4/2021 13:10:00,4
191,154,Complete,M,3/5/2024 1:45:00,,3/6/2024 12:58:00,3/8/2024 3:59:00,1
192,154,Complete,M,9/7/2023 1:45:00,,9/8/2023 21:58:00,9/10/2023 16:15:00,1
193,155,Shipped,M,8/25/2022 2:23:00,,8/25/2022 10:04:00,,1
194,156,Shipped,F,12/21/2021 15:30:00,,12/24/2021 15:21:00,,1
195,157,Shipped,M,4/5/2024 6:55:00,,4/5/2024 21:00:00,,1
196,157,Processing,M,4/22/2021 6:55:00,,,,2
197,158,Processing,F,5/14/2021 9:54:00,,,,1
198,159,Cancelled,M,1/20/2020 0:00:00,,,,1
199,160,Returned,M,3/30/2024 17:57:00,4/2/2024 20:10:00,4/1/2024 6:26:00,4/1/2024 21:29:00,2
200,161,Processing,M,6/30/2022 8:34:00,,,,1
201,163,Returned,M,8/13/2023 7:26:00,8/20/2023 12:06:00,8/14/2023 16:34:00,8/17/2023 22:18:00,2
202,164,Processing,F,12/12/2023 16:11:00,,,,1
203,165,Processing,F,6/6/2023 17:47:00,,,,1
204,165,Shipped,F,8/10/2024 17:47:00,,8/12/2024 23:58:00,,1
205,166,Complete,F,5/4/2024 10:26:00,,5/4/2024 19:42:00,5/7/2024 10:01:00,1
206,166,Complete,F,1/26/2023 10:26:00,,1/28/2023 2:06:00,1/31/2023 2:00:00,1
207,167,Shipped,F,3/13/2024 2:12:00,,3/14/2024 19:48:00,,1
208,168,Shipped,F,6/16/2023 1:47:00,,6/16/2023 8:56:00,,1
209,169,Complete,F,12/13/2023 17:38:00,,12/15/2023 12:35:00,12/19/2023 8:42:00,1
210,169,Complete,F,12/6/2023 17:38:00,,12/8/2023 9:00:00,12/9/2023 17:27:00,1
211,170,Complete,F,7/31/2024 8:53:00,,8/1/2024 8:43:00,8/6/2024 7:34:00,3
212,170,Returned,F,4/20/2024 8:53:00,4/23/2024 18:57:00,4/21/2024 13:59:00,4/21/2024 23:49:00,1
213,170,Cancelled,F,7/7/2024 8:53:00,,,,1
214,171,Complete,Male,1/23/2024 1:59:00,,1/24/2024 0:07:00,1/25/2024 5:44:00,1
215,172,Shipped,M,9/4/2023 4:51:00,,9/4/2023 13:16:00,,1
216,172,Cancelled,M,10/25/2020 4:51:00,,,,1
217,172,Returned,M,2/22/2022 4:51:00,2/24/2022 17:47:00,2/22/2022 8:26:00,2/22/2022 20:09:00,2
218,172,,M,11/28/2021 4:51:00,,11/30/2021 13:44:00,12/2/2021 16:46:00,4
219,173,Cancelled,F,8/2/2021 7:26:00,,,,1
220,173,Processing,F,12/3/2023 7:26:00,,,,1
221,175,Shipped,M,8/29/2021 4:42:00,,8/29/2021 22:21:00,,1
222,176,Processing,M,5/23/2024 4:00:00,,,,1
223,177,Processing,M,3/13/2024 7:49:00,,,,1
224,177,Complete,M,12/2/2023 7:49:00,,12/5/2023 2:06:00,12/6/2023 22:40:00,3
225,179,Complete,M,2/10/2024 17:17:00,,2/11/2024 5:39:00,2/15/2024 20:53:00,1
226,180,Returned,F,3/12/2023 7:20:00,3/16/2023 10:37:00,3/13/2023 21:35:00,3/15/2023 5:06:00,1
227,181,Complete,F,1/9/2023 18:51:00,,1/12/2023 3:54:00,1/14/2023 8:40:00,1
228,182,Complete,M,1/19/2023 3:29:00,,1/19/2023 18:33:00,1/21/2023 15:43:00,2
229,183,Processing,M,1/30/2023 4:52:00,,,,1
230,183,Complete,M,5/8/2024 4:52:00,,5/10/2024 3:27:00,5/10/2024 9:12:00,3
231,186,Complete,F,9/7/2024 2:02:40,,9/9/2024 1:23:40,9/13/2024 23:57:40,1
232,187,Processing,F,11/14/2021 16:02:00,,,,1
233,188,Complete,F,4/24/2024 8:24:00,,4/24/2024 23:24:00,4/28/2024 22:03:00,2
234,189,Cancelled,F,3/24/2024 15:52:00,,,,1
235,189,Cancelled,F,3/1/2022 15:52:00,,,,1
236,190,Shipped,F,9/4/2024 11:50:00,,9/4/2024 23:28:00,,2
237,191,Complete,F,4/16/2024 8:45:00,,4/18/2024 11:50:00,4/23/2024 0:37:00,1
238,192,Complete,F,3/16/2022 13:03:00,,3/19/2022 11:32:00,3/21/2022 12:54:00,1
239,193,Processing,M,3/30/2024 5:33:00,,,,1
240,193,Returned,M,8/9/2024 5:33:00,8/16/2024 17:22:00,8/11/2024 19:20:00,8/16/2024 16:14:00,1
241,194,Shipped,M,11/8/2020 10:35:00,,11/9/2020 3:02:00,,2
242,196,Returned,M,8/15/2024 10:19:00,8/18/2024 18:07:00,8/18/2024 7:13:00,8/18/2024 7:26:00,2
243,197,Cancelled,M,8/30/2024 8:10:00,,,,1
244,197,Cancelled,M,8/22/2024 8:10:00,,,,2
245,198,Complete,M,7/9/2023 3:45:00,,7/11/2023 12:23:00,7/13/2023 19:36:00,4
246,200,Processing,M,8/10/2021 4:59:00,,,,2
247,202,Returned,F,4/10/2024 1:57:00,4/14/2024 1:24:00,4/12/2024 1:53:00,4/12/2024 11:51:00,1
248,202,Complete,F,1/9/2024 1:57:00,,1/9/2024 21:47:00,1/11/2024 11:26:00,1
249,203,Cancelled,M,7/15/2023 1:03:00,,,,4
250,204,Processing,F,3/6/2023 10:50:00,,,,3
251,205,Complete,M,4/20/2024 7:21:00,,4/22/2024 7:51:00,4/25/2024 22:14:00,1
252,205,Shipped,M,8/16/2023 7:21:00,,8/18/2023 6:14:00,,1
253,206,Processing,M,1/11/2024 12:35:00,,,,1
254,207,Complete,F,1/27/2023 0:13:00,,1/28/2023 14:00:00,1/30/2023 10:35:00,4
255,208,Complete,F,9/8/2024 18:14:00,,9/10/2024 8:26:00,9/15/2024 1:11:00,1
256,210,Processing,M,2/21/2023 13:19:00,,,,1
257,210,Complete,M,8/19/2021 13:19:00,,8/20/2021 6:23:00,8/24/2021 4:26:00,1
258,211,Cancelled,F,8/1/2024 12:13:00,,,,4
259,212,Shipped,M,7/29/2024 1:12:00,,7/29/2024 10:27:00,,2
260,212,Cancelled,M,12/18/2023 1:12:00,,,,1
261,213,Shipped,F,11/7/2023 14:28:00,,11/9/2023 9:55:00,,1
262,213,Complete,F,11/19/2022 14:28:00,,11/21/2022 4:26:00,11/24/2022 20:08:00,4
263,213,Complete,F,5/9/2024 14:28:00,,5/11/2024 14:11:00,5/16/2024 13:06:00,1
264,214,Shipped,M,7/24/2022 11:16:00,,7/26/2022 18:30:00,,1
265,215,Complete,F,3/22/2024 5:52:00,,3/22/2024 7:48:00,3/24/2024 13:08:00,1
266,216,Returned,F,1/21/2024 5:27:00,1/26/2024 20:51:00,1/23/2024 21:00:00,1/24/2024 20:08:00,2
267,216,Cancelled,F,6/20/2024 5:27:00,,,,1
268,217,Cancelled,M,5/13/2020 10:31:00,,,,1
269,220,Returned,M,6/23/2021 12:37:00,6/27/2021 9:51:00,6/24/2021 3:15:00,6/26/2021 20:00:00,2
270,220,Shipped,M,8/7/2024 12:37:00,,8/8/2024 8:29:00,,1
271,222,Cancelled,M,2/3/2024 10:55:00,,,,3
272,223,Shipped,F,4/11/2023 15:07:00,,4/12/2023 22:18:00,,2
273,223,Shipped,F,3/12/2023 15:07:00,,3/14/2023 8:56:00,,1
274,225,Processing,M,1/14/2024 12:09:00,,,,1
275,225,Shipped,M,7/30/2024 12:09:00,,8/2/2024 10:40:00,,2
276,226,Cancelled,M,7/16/2024 15:31:00,,,,4
277,229,Complete,M,12/27/2023 3:01:00,,12/28/2023 14:28:00,1/2/2024 8:26:00,1
278,229,Processing,M,2/6/2024 3:01:00,,,,1
279,230,Returned,M,5/18/2024 2:35:00,5/25/2024 11:45:00,5/20/2024 18:02:00,5/23/2024 12:27:00,4
280,230,Returned,M,8/10/2024 2:35:00,8/16/2024 13:24:00,8/12/2024 16:45:00,8/16/2024 5:54:00,1
281,230,Shipped,M,6/9/2024 2:35:00,,6/10/2024 11:24:00,,4
282,231,Complete,M,6/16/2024 8:12:00,,6/16/2024 18:33:00,6/17/2024 0:20:00,4
283,231,Shipped,M,8/18/2023 8:12:00,,8/18/2023 16:17:00,,1
284,234,Shipped,M,8/22/2023 1:41:00,,8/23/2023 18:17:00,,2
285,234,Returned,M,7/9/2023 1:41:00,7/12/2023 0:28:00,7/10/2023 7:22:00,7/10/2023 9:09:00,1
286,235,Cancelled,F,11/11/2022 9:50:00,,,,1
287,236,Complete,M,5/8/2023 17:41:00,,5/11/2023 1:52:00,5/13/2023 16:17:00,3
288,237,Returned,F,6/9/2024 17:23:00,6/17/2024 3:55:00,6/11/2024 18:38:00,6/14/2024 9:45:00,1
289,237,Processing,F,1/12/2023 17:23:00,,,,2
290,238,Complete,F,8/30/2024 12:14:00,,8/30/2024 20:25:00,9/2/2024 3:20:00,1
291,238,Shipped,F,8/12/2024 12:14:00,,8/12/2024 16:01:00,,1
292,239,Cancelled,F,6/28/2023 18:39:00,,,,1
293,240,Processing,M,11/1/2023 3:55:00,,,,1
294,240,Complete,M,2/5/2022 3:55:00,,2/6/2022 6:13:00,2/8/2022 5:43:00,1
295,241,Processing,M,11/15/2022 3:56:00,,,,1
296,242,Returned,M,9/10/2023 11:54:00,9/15/2023 3:23:00,9/11/2023 2:15:00,9/14/2023 12:47:00,1
297,242,Shipped,M,3/26/2021 11:54:00,,3/28/2021 12:26:00,,4
298,242,Returned,M,10/31/2023 11:54:00,11/9/2023 5:50:00,11/2/2023 8:39:00,11/7/2023 1:24:00,1
299,243,Processing,F,7/29/2023 6:02:00,,,,1
300,244,Processing,F,3/1/2023 12:56:00,,,,4
301,244,Complete,F,7/28/2023 12:56:00,,7/30/2023 3:50:00,7/31/2023 17:11:00,1
302,245,Shipped,M,9/6/2024 3:57:00,,9/8/2024 2:19:00,,1
303,246,Complete,F,7/4/2023 14:26:00,,7/5/2023 4:36:00,7/8/2023 19:54:00,1
304,246,Cancelled,F,8/7/2024 14:26:00,,,,1
305,247,Complete,M,1/31/2022 1:06:00,,2/1/2022 15:22:00,2/2/2022 11:28:00,1
306,247,Complete,M,9/11/2022 1:06:00,,9/11/2022 11:25:00,9/14/2022 18:21:00,1
307,247,Processing,M,9/18/2022 1:06:00,,,,1
308,247,Returned,M,5/14/2023 1:06:00,5/20/2023 16:47:00,5/17/2023 0:55:00,5/19/2023 7:29:00,2
309,248,Processing,F,1/28/2024 6:57:00,,,,1
310,248,Cancelled,F,2/5/2024 6:57:00,,,,1
311,249,Cancelled,F,11/23/2023 15:11:00,,,,2
312,249,Shipped,F,2/3/2024 15:11:00,,2/5/2024 18:34:00,,1
313,251,Complete,F,5/4/2024 9:35:00,,5/5/2024 15:20:00,5/6/2024 5:22:00,1
314,251,Complete,F,7/2/2024 9:35:00,,7/4/2024 23:03:00,7/8/2024 22:33:00,4
315,251,Cancelled,F,10/15/2022 9:35:00,,,,2
316,252,Returned,F,6/14/2024 0:26:00,6/16/2024 16:36:00,6/15/2024 11:50:00,6/15/2024 16:53:00,1
317,253,Complete,F,5/17/2024 7:22:00,,5/18/2024 20:19:00,5/23/2024 10:20:00,3
318,254,Processing,M,4/24/2020 15:34:00,,,,1
319,255,Cancelled,F,11/29/2023 18:29:00,,,,1
320,256,Complete,F,8/11/2023 3:41:00,,8/13/2023 20:36:00,8/16/2023 7:40:00,1
321,257,Complete,M,7/6/2024 18:43:00,,7/8/2024 20:01:00,7/13/2024 6:41:00,2
322,257,Processing,M,4/18/2024 18:43:00,,,,2
323,258,Processing,F,8/21/2024 12:20:00,,,,1
324,259,Processing,F,7/22/2024 6:09:00,,,,2
325,260,Shipped,F,9/8/2024 18:40:00,,9/10/2024 22:30:00,,2
326,260,Shipped,F,9/9/2024 18:40:00,,9/10/2024 0:33:00,,3
327,261,Returned,M,6/7/2024 12:53:00,6/10/2024 15:15:00,6/7/2024 16:05:00,6/10/2024 9:55:00,1
328,262,Complete,F,4/2/2024 1:27:00,,4/2/2024 5:37:00,4/6/2024 15:56:00,1
329,262,Returned,F,8/4/2021 1:27:00,8/9/2021 22:04:00,8/6/2021 20:24:00,8/7/2021 4:41:00,3
330,262,Complete,F,1/25/2022 1:27:00,,1/27/2022 18:06:00,1/29/2022 20:06:00,1
331,262,Returned,F,9/28/2020 1:27:00,10/5/2020 22:28:00,9/29/2020 18:19:00,10/4/2020 17:24:00,1
332,263,Cancelled,F,9/17/2023 7:29:00,,,,3
333,265,Shipped,F,3/31/2020 11:32:00,,3/31/2020 21:36:00,,1
334,265,Shipped,F,6/29/2024 11:32:00,,7/1/2024 8:51:00,,2
335,266,Complete,F,2/28/2023 13:55:00,,3/2/2023 0:43:00,3/2/2023 20:42:00,1
336,267,Shipped,M,4/16/2020 4:47:00,,4/18/2020 16:33:00,,1
337,268,Shipped,M,1/5/2020 10:04:00,,1/8/2020 4:28:00,,4
338,269,Processing,F,7/19/2021 14:13:00,,,,2
339,269,Shipped,F,12/2/2022 14:13:00,,12/4/2022 4:21:00,,1
340,270,Returned,F,8/23/2023 15:16:00,8/30/2023 18:34:00,8/24/2023 16:12:00,8/29/2023 10:41:00,1
341,271,Cancelled,M,1/5/2024 16:19:00,,,,1
342,271,Complete,M,3/30/2024 16:19:00,,4/2/2024 13:20:00,4/4/2024 1:43:00,3
343,274,Complete,F,5/22/2021 2:21:00,,5/22/2021 6:07:00,5/26/2021 0:09:00,1
344,275,Shipped,M,5/10/2024 2:44:00,,5/10/2024 12:16:00,,1
345,278,Cancelled,M,4/4/2022 4:46:00,,,,1
346,279,Processing,F,5/1/2024 5:07:00,,,,1
347,281,Shipped,M,3/15/2022 5:13:00,,3/17/2022 10:15:00,,1
348,282,Processing,M,5/14/2022 17:17:00,,,,2
349,283,Shipped,M,6/6/2024 11:10:00,,6/8/2024 12:51:00,,1
350,284,Shipped,F,3/23/2022 7:02:00,,3/25/2022 2:28:00,,1
351,284,Complete,F,9/21/2022 7:02:00,,9/22/2022 23:08:00,9/27/2022 5:21:00,1
352,285,Cancelled,F,7/30/2023 11:54:00,,,,1
353,285,Shipped,F,9/26/2023 11:54:00,,9/28/2023 17:22:00,,1
354,287,Processing,F,12/26/2021 6:08:00,,,,2
355,287,Cancelled,F,6/26/2021 6:08:00,,,,1
356,289,Complete,M,8/9/2023 9:03:00,,8/10/2023 7:59:00,8/10/2023 11:42:00,3
357,292,Cancelled,M,10/13/2022 9:56:00,,,,4
358,293,Returned,F,9/8/2024 8:44:00,9/12/2024 15:01:00,9/8/2024 9:54:00,9/11/2024 14:39:00,1
359,294,Shipped,M,9/3/2024 13:16:00,,9/5/2024 3:58:00,,1
360,295,Returned,M,9/18/2021 14:15:00,9/25/2021 7:34:00,9/19/2021 6:41:00,9/22/2021 12:34:00,1
361,296,Shipped,F,7/26/2024 1:36:00,,7/28/2024 14:06:00,,1
362,297,Complete,M,6/1/2024 4:37:00,,6/2/2024 4:22:00,6/4/2024 8:41:00,1
363,298,Complete,M,9/8/2022 6:16:00,,9/11/2022 6:00:00,9/13/2022 22:30:00,2
364,299,Processing,F,5/3/2023 0:07:00,,,,1
365,301,Complete,M,7/19/2024 11:02:00,,7/22/2024 6:19:00,7/26/2024 8:42:00,1
366,302,Cancelled,F,5/30/2024 14:22:00,,,,3
367,302,Complete,F,11/24/2023 14:22:00,,11/27/2023 10:22:00,12/2/2023 1:37:00,3
368,303,Complete,F,3/24/2024 9:41:00,,3/26/2024 13:35:00,3/29/2024 15:39:00,1
369,303,Shipped,F,4/21/2024 9:41:00,,4/22/2024 20:49:00,,2
370,304,Shipped,M,12/30/2023 0:45:00,,1/1/2024 14:55:00,,1
371,307,Cancelled,F,7/20/2024 15:18:00,,,,1
372,308,Complete,F,10/10/2023 5:26:00,,10/10/2023 17:57:00,10/12/2023 0:13:00,2
373,309,Processing,M,1/26/2024 3:13:00,,,,2
374,309,Shipped,M,9/28/2022 3:13:00,,9/28/2022 15:25:00,,1
375,310,Cancelled,M,3/31/2022 6:58:00,,,,1
376,311,Processing,M,8/9/2023 0:31:00,,,,1
377,311,Shipped,M,2/10/2024 0:31:00,,2/12/2024 3:27:00,,1
378,311,Shipped,M,1/26/2024 0:31:00,,1/28/2024 9:00:00,,2
379,311,Cancelled,M,7/25/2024 0:31:00,,,,1
380,312,Complete,M,5/12/2023 4:12:00,,5/12/2023 11:09:00,5/15/2023 0:25:00,2
381,313,Complete,M,8/13/2024 5:47:00,,8/14/2024 15:26:00,8/19/2024 6:53:00,1
382,313,Cancelled,M,6/9/2024 5:47:00,,,,1
383,314,Complete,M,8/30/2024 16:42:00,,8/31/2024 18:18:00,9/2/2024 15:46:00,1
384,315,Processing,F,7/2/2021 11:44:00,,,,1
385,315,Complete,F,9/30/2020 11:44:00,,10/1/2020 15:38:00,10/3/2020 18:46:00,1
386,316,Shipped,M,4/6/2024 13:09:00,,4/7/2024 23:03:00,,2
387,317,Cancelled,M,4/26/2024 2:25:00,,,,1
388,318,Shipped,F,8/5/2021 8:26:00,,8/5/2021 19:31:00,,1
389,319,Processing,F,6/6/2022 2:20:00,,,,1
390,320,Processing,F,11/24/2023 14:24:00,,,,2
391,322,Cancelled,M,9/10/2024 15:16:43,,,,1
392,325,Complete,F,3/11/2024 11:34:00,,3/14/2024 2:39:00,3/15/2024 8:59:00,1
393,326,Complete,F,11/24/2023 18:04:00,,11/25/2023 8:32:00,11/27/2023 15:47:00,2
394,327,Shipped,M,11/4/2021 7:28:00,,11/6/2021 7:45:00,,4
395,327,Cancelled,M,7/29/2021 7:28:00,,,,1
396,328,Processing,M,3/12/2022 4:59:00,,,,1
397,329,Complete,M,5/25/2023 10:55:00,,5/26/2023 18:31:00,5/31/2023 16:50:00,1
398,329,Returned,M,12/9/2020 10:55:00,12/14/2020 15:10:00,12/11/2020 10:09:00,12/12/2020 11:51:00,3
399,330,Cancelled,F,1/1/2022 0:28:00,,,,2
400,330,Complete,F,12/20/2023 0:28:00,,12/20/2023 4:04:00,12/20/2023 13:53:00,1
401,330,Complete,F,11/14/2021 0:28:00,,11/16/2021 17:48:00,11/19/2021 10:39:00,1
402,331,Shipped,F,3/22/2022 17:16:00,,3/24/2022 15:42:00,,2
403,331,Processing,F,8/7/2021 17:16:00,,,,1
404,332,Processing,F,12/27/2023 18:28:00,,,,3
405,332,Cancelled,F,12/29/2023 18:28:00,,,,3
406,332,Complete,F,12/9/2023 18:28:00,,12/12/2023 3:48:00,12/16/2023 4:47:00,1
407,333,Shipped,M,7/30/2021 9:58:00,,7/31/2021 19:57:00,,1
408,333,Shipped,M,11/21/2022 9:58:00,,11/23/2022 5:49:00,,1
409,334,Shipped,F,9/11/2024 9:51:44,,9/11/2024 13:19:44,,1
410,335,Shipped,M,1/24/2024 9:02:00,,1/25/2024 1:05:00,,1
411,336,Complete,F,2/11/2023 1:33:00,,2/13/2023 19:22:00,2/14/2023 20:49:00,1
412,336,Cancelled,F,9/12/2023 1:33:00,,,,1
413,337,Shipped,M,4/22/2024 13:09:00,,4/25/2024 10:07:00,,1
414,337,Processing,M,6/3/2024 13:09:00,,,,4
415,338,Complete,F,3/5/2023 10:35:00,,3/8/2023 0:50:00,3/8/2023 17:20:00,2
416,339,Cancelled,M,3/10/2022 5:02:00,,,,1
417,340,Cancelled,F,1/29/2023 2:55:00,,,,1
418,341,Processing,M,6/23/2023 12:39:00,,,,2
419,341,Processing,M,4/5/2021 12:39:00,,,,1
420,342,Shipped,M,10/2/2023 6:35:00,,10/2/2023 9:00:00,,1
421,342,Returned,M,12/3/2023 6:35:00,12/10/2023 16:00:00,12/5/2023 5:30:00,12/8/2023 23:39:00,1
422,343,Complete,M,9/8/2024 2:53:44,,9/8/2024 8:36:44,9/11/2024 15:59:44,1
423,343,Processing,M,9/6/2024 2:53:44,,,,3
424,344,Shipped,M,8/21/2024 2:55:00,,8/22/2024 21:24:00,,1
425,345,Complete,M,9/10/2024 5:19:44,,9/10/2024 21:33:44,9/12/2024 15:05:44,2
426,346,Shipped,M,7/19/2024 13:57:00,,7/20/2024 18:17:00,,1
427,346,Cancelled,M,9/8/2024 13:57:00,,,,1
428,347,Returned,F,6/29/2024 18:11:00,7/5/2024 17:25:00,7/1/2024 22:13:00,7/4/2024 10:42:00,1
429,347,Complete,F,10/15/2022 18:11:00,,10/17/2022 8:39:00,10/21/2022 3:04:00,1
430,349,Processing,F,1/16/2023 13:08:00,,,,3
431,349,Cancelled,F,4/27/2022 13:08:00,,,,1
432,350,Shipped,M,11/2/2021 3:07:00,,11/3/2021 11:19:00,,1
433,353,Shipped,F,2/19/2023 12:39:00,,2/20/2023 10:17:00,,1
434,355,Shipped,M,9/30/2021 8:20:00,,10/2/2021 6:11:00,,1
435,356,Cancelled,F,4/27/2022 14:40:00,,,,2
436,356,Complete,F,10/12/2020 14:40:00,,10/13/2020 0:23:00,10/16/2020 10:09:00,1
437,358,Complete,F,4/29/2024 4:01:00,,5/1/2024 14:47:00,5/4/2024 19:28:00,2
438,360,Complete,F,5/9/2023 1:36:00,,5/10/2023 9:46:00,5/12/2023 5:00:00,1
439,361,Shipped,F,8/15/2023 13:00:00,,8/16/2023 10:29:00,,1
440,362,Complete,M,6/13/2024 17:46:00,,6/16/2024 12:53:00,6/20/2024 9:13:00,2
441,363,Shipped,M,1/22/2022 15:54:00,,1/23/2022 8:38:00,,1
442,363,Shipped,M,9/5/2020 15:54:00,,9/7/2020 23:37:00,,1
443,364,Cancelled,M,1/2/2022 2:54:00,,,,2
444,365,Processing,F,4/12/2024 2:34:00,,,,1
445,367,Processing,F,2/4/2020 17:58:00,,,,1
446,367,Shipped,F,11/26/2023 17:58:00,,11/28/2023 20:01:00,,1
447,368,Processing,F,7/15/2022 11:40:00,,,,2
448,369,Returned,F,1/12/2024 11:48:00,1/16/2024 17:52:00,1/12/2024 12:07:00,1/14/2024 20:12:00,1
449,370,Processing,F,10/3/2021 10:57:00,,,,1
450,371,Cancelled,M,1/17/2023 16:17:00,,,,1
451,372,Shipped,M,6/11/2024 9:30:00,,6/13/2024 8:12:00,,4
452,373,Shipped,F,1/19/2024 9:55:00,,1/22/2024 9:28:00,,2
453,374,Cancelled,F,12/20/2022 17:01:00,,,,1
454,374,Complete,F,9/7/2024 17:01:00,,9/10/2024 8:42:00,9/13/2024 2:17:00,1
455,375,Shipped,F,11/24/2023 4:47:00,,11/24/2023 20:25:00,,1
456,376,Complete,M,8/9/2024 4:41:00,,8/9/2024 7:57:00,8/9/2024 10:17:00,1
457,376,Complete,M,8/18/2024 4:41:00,,8/19/2024 12:25:00,8/22/2024 9:35:00,2
458,378,Cancelled,F,8/1/2024 2:39:00,,,,1
459,379,Complete,M,12/30/2023 5:18:00,,1/1/2024 5:11:00,1/3/2024 0:12:00,2
460,379,Complete,M,9/9/2023 5:18:00,,9/12/2023 2:04:00,9/12/2023 5:56:00,1
461,380,Complete,M,9/8/2024 10:14:00,,9/9/2024 17:16:00,9/11/2024 16:50:00,1
462,381,Shipped,F,5/9/2022 7:17:00,,5/10/2022 1:49:00,,1
463,385,Processing,M,8/6/2024 17:03:00,,,,4
464,385,Complete,M,8/24/2024 17:03:00,,8/26/2024 7:31:00,8/26/2024 9:52:00,1
465,385,Cancelled,M,8/16/2024 17:03:00,,,,2
466,385,Processing,M,8/13/2024 17:03:00,,,,2
467,386,Shipped,F,8/16/2024 17:59:00,,8/17/2024 17:57:00,,1
468,387,Cancelled,M,12/24/2023 3:57:00,,,,1
469,389,Cancelled,M,8/14/2023 0:15:00,,,,1
470,390,Shipped,M,7/5/2019 8:09:00,,7/7/2019 5:38:00,,2
471,391,Processing,M,8/13/2024 13:44:00,,,,1
472,392,Complete,M,5/10/2024 11:34:00,,5/13/2024 4:27:00,5/17/2024 23:31:00,1
473,392,Cancelled,M,2/17/2024 11:34:00,,,,1
474,393,Shipped,F,7/19/2024 13:46:00,,7/19/2024 23:23:00,,1
475,395,Shipped,M,6/6/2023 10:58:00,,6/6/2023 13:40:00,,2
476,395,Complete,M,6/30/2022 10:58:00,,6/30/2022 22:56:00,7/2/2022 9:51:00,3
477,397,Complete,F,11/2/2022 13:37:00,,11/5/2022 2:20:00,11/5/2022 20:46:00,1
478,397,Shipped,F,7/9/2023 13:37:00,,7/9/2023 22:20:00,,1
479,398,Shipped,F,11/4/2023 2:59:00,,11/5/2023 10:05:00,,1
480,399,Processing,M,7/31/2020 9:09:00,,,,3
481,399,Processing,M,3/8/2021 9:09:00,,,,1
482,401,Cancelled,F,8/23/2021 6:45:00,,,,1
483,401,Shipped,F,5/19/2024 6:45:00,,5/20/2024 20:09:00,,2
484,403,Complete,M,12/12/2021 15:13:00,,12/14/2021 13:07:00,12/19/2021 8:38:00,1
485,403,Shipped,M,8/16/2023 15:13:00,,8/18/2023 0:00:00,,1
486,404,Processing,F,8/28/2023 1:27:00,,,,1
487,404,Processing,F,1/14/2023 1:27:00,,,,1
488,407,Shipped,M,7/25/2022 16:40:00,,7/26/2022 5:17:00,,4
489,408,Processing,F,2/4/2024 7:13:00,,,,1
490,408,Complete,F,1/29/2024 7:13:00,,1/29/2024 18:53:00,2/1/2024 1:27:00,1
491,409,Shipped,F,8/18/2024 15:22:00,,8/19/2024 8:18:00,,1
492,410,Shipped,M,7/1/2024 6:36:00,,7/1/2024 17:51:00,,2
493,410,Complete,M,8/12/2024 6:36:00,,8/15/2024 0:31:00,8/17/2024 22:09:00,2
494,410,Shipped,M,10/2/2023 6:36:00,,10/5/2023 5:15:00,,1
495,412,Cancelled,F,7/8/2024 13:35:00,,,,1
496,413,Complete,F,4/5/2024 12:59:00,,4/7/2024 23:24:00,4/9/2024 20:49:00,1
497,413,Processing,F,7/7/2024 12:59:00,,,,4
498,414,Shipped,M,8/28/2024 18:12:00,,8/29/2024 7:06:00,,1
499,415,Processing,M,12/11/2020 4:22:00,,,,1
500,416,Processing,F,12/13/2021 10:11:00,,,,2
501,417,Shipped,M,8/7/2021 9:43:00,,8/8/2021 5:59:00,,2
502,418,Complete,M,10/17/2019 4:36:00,,10/17/2019 23:13:00,10/21/2019 22:06:00,2
503,418,Cancelled,M,6/7/2023 4:36:00,,,,1
504,419,Shipped,N,8/8/2024 8:35:00,,8/8/2024 9:57:00,,4
505,420,Shipped,F,3/14/2024 15:18:00,,3/16/2024 3:41:00,,1
506,420,Cancelled,F,1/20/2021 15:18:00,,,,2
507,420,Complete,F,9/11/2023 15:18:00,,9/13/2023 9:35:00,9/15/2023 20:14:00,1
508,421,Complete,F,8/28/2024 11:20:00,,8/29/2024 4:48:00,8/29/2024 12:43:00,1
509,422,Complete,M,7/30/2024 4:20:00,,8/2/2024 2:08:00,8/5/2024 2:36:00,2
510,423,Returned,F,2/1/2023 13:33:00,2/8/2023 1:25:00,2/2/2023 18:48:00,2/5/2023 2:29:00,1
511,424,Shipped,M,1/25/2024 16:09:00,,1/27/2024 22:54:00,,1
512,424,Complete,M,2/5/2024 16:09:00,,2/6/2024 14:12:00,2/8/2024 15:00:00,1
513,424,Cancelled,M,6/25/2023 16:09:00,,,,1
514,425,Shipped,M,8/30/2024 7:02:00,,8/30/2024 7:55:00,,2
515,426,Shipped,F,6/21/2022 10:37:00,,6/23/2022 0:51:00,,1
516,426,Cancelled,F,10/21/2021 10:37:00,,,,1
517,427,Processing,M,2/6/2023 17:08:00,,,,1
518,427,Returned,M,8/2/2024 17:08:00,8/10/2024 1:14:00,8/4/2024 2:17:00,8/7/2024 9:00:00,1
519,428,Cancelled,M,10/2/2023 5:45:00,,,,1
520,429,Shipped,M,7/6/2023 14:52:00,,7/8/2023 15:12:00,,2
521,431,Processing,Male,7/30/2024 7:07:00,,,,1
522,432,Complete,?,6/4/2024 5:54:00,,6/4/2024 21:57:00,6/9/2024 18:48:00,1
523,432,Returned,F,3/11/2024 5:54:00,3/19/2024 20:29:00,3/13/2024 3:52:00,3/17/2024 12:09:00,1
524,432,Returned,F,3/16/2024 5:54:00,3/20/2024 19:37:00,3/17/2024 20:50:00,3/20/2024 2:54:00,1
525,434,Shipped,M,3/30/2021 6:04:00,,3/30/2021 14:41:00,,1
526,435,Complete,M,11/30/2023 14:05:00,,12/1/2023 5:02:00,12/3/2023 19:40:00,1
527,436,Complete,F,11/20/2023 12:21:00,,11/23/2023 2:18:00,11/23/2023 8:07:00,1
528,436,Complete,F,9/16/2023 12:21:00,,9/16/2023 14:39:00,9/21/2023 2:06:00,1
529,437,Complete,F,8/26/2024 8:27:00,,8/27/2024 17:25:00,8/30/2024 8:46:00,1
530,438,Complete,M,3/15/2021 12:29:00,,3/17/2021 5:25:00,3/18/2021 20:14:00,1
531,439,Returned,F,8/2/2024 5:06:00,8/5/2024 9:14:00,8/4/2024 0:43:00,8/5/2024 0:20:00,2
532,440,Processing,F,9/27/2020 8:43:00,,,,1
533,440,Shipped,F,2/13/2021 8:43:00,,2/14/2021 12:52:00,,3
534,441,Processing,M,12/3/2022 11:42:00,,,,1
535,441,Complete,M,6/25/2024 11:42:00,,6/27/2024 12:53:00,7/2/2024 9:27:00,1
536,441,Returned,M,2/8/2023 11:42:00,2/13/2023 3:27:00,2/11/2023 10:22:00,2/12/2023 18:15:00,1
537,441,Shipped,M,4/13/2022 11:42:00,,4/15/2022 9:13:00,,2
538,442,Processing,M,7/22/2024 18:51:00,,,,1
539,443,Complete,F,6/17/2024 7:06:00,,6/17/2024 11:49:00,6/20/2024 11:20:00,2
540,443,Cancelled,F,3/25/2023 7:06:00,,,,2
541,444,Complete,F,9/7/2024 4:20:00,,9/9/2024 5:46:00,9/12/2024 17:04:00,1
542,444,Shipped,F,7/26/2024 4:20:00,,7/29/2024 2:57:00,,1
543,444,Processing,F,8/22/2024 4:20:00,,,,2
544,445,Processing,M,4/23/2023 13:58:00,,,,1
545,446,Shipped,M,11/28/2022 12:54:00,,11/30/2022 5:47:00,,2
546,446,Shipped,M,1/29/2024 12:54:00,,2/1/2024 1:18:00,,1
547,448,Shipped,M,9/9/2024 16:04:46,,9/10/2024 13:57:46,,1
548,449,Cancelled,M,4/22/2024 10:44:00,,,,1
549,450,Processing,F,9/27/2022 15:12:00,,,,2
550,450,Returned,F,1/1/2024 15:12:00,1/8/2024 4:30:00,1/3/2024 12:07:00,1/6/2024 1:25:00,2
551,451,Shipped,F,5/16/2022 10:08:00,,5/18/2022 10:57:00,,1
552,451,Returned,F,1/18/2023 10:08:00,1/24/2023 10:15:00,1/20/2023 10:55:00,1/22/2023 22:17:00,1
553,455,Shipped,M,3/10/2023 6:33:00,,3/11/2023 2:42:00,,1
554,456,Processing,M,12/16/2020 17:49:00,,,,1
555,457,Returned,F,5/24/2024 5:24:00,5/31/2024 23:21:00,5/27/2024 1:55:00,5/29/2024 19:15:00,1
556,459,Shipped,F,12/15/2020 14:04:00,,12/17/2020 15:16:00,,2
557,460,Processing,M,6/3/2024 4:32:00,,,,2
558,460,Shipped,M,12/10/2023 4:32:00,,12/10/2023 6:39:00,,1
559,462,Shipped,M,2/18/2023 0:21:00,,2/20/2023 17:36:00,,1
560,462,Cancelled,M,3/2/2023 0:21:00,,,,1
561,464,Processing,M,8/4/2022 18:36:00,,,,3
562,465,Shipped,F,9/18/2022 5:09:00,,9/18/2022 22:10:00,,1
563,466,Processing,M,5/26/2023 3:32:00,,,,1
564,468,Complete,F,1/8/2024 3:27:00,,1/9/2024 5:17:00,1/9/2024 6:00:00,1
565,468,Complete,F,7/4/2022 3:27:00,,7/6/2022 11:43:00,7/10/2022 0:57:00,2
566,471,Complete,F,7/27/2024 13:45:00,,7/28/2024 15:53:00,7/30/2024 18:42:00,1
567,472,Shipped,F,6/3/2021 3:02:00,,6/5/2021 13:53:00,,2
568,473,Processing,F,9/4/2024 15:04:00,,,,1
569,474,Returned,M,1/14/2022 15:38:00,1/18/2022 6:42:00,1/15/2022 6:37:00,1/15/2022 13:29:00,1
570,475,Shipped,M,5/8/2023 4:55:00,,5/10/2023 20:51:00,,3
571,475,Returned,M,4/23/2024 4:55:00,4/30/2024 20:51:00,4/26/2024 2:22:00,4/30/2024 18:47:00,1
572,475,Cancelled,M,7/18/2023 4:55:00,,,,1
573,476,Cancelled,F,6/5/2023 3:58:00,,,,1
574,477,Shipped,F,6/5/2022 0:55:00,,6/7/2022 8:00:00,,1
575,477,Shipped,F,5/12/2022 0:55:00,,5/14/2022 22:39:00,,2
576,477,Shipped,F,1/22/2023 0:55:00,,1/22/2023 6:40:00,,1
577,477,Cancelled,F,4/17/2022 0:55:00,,,,2
578,478,Complete,F,4/28/2022 8:46:00,,4/29/2022 16:14:00,4/30/2022 2:24:00,1
579,479,Cancelled,M,12/15/2023 7:13:00,,,,1
580,479,Complete,M,10/31/2023 7:13:00,,11/2/2023 1:41:00,11/6/2023 1:16:00,1
581,479,Cancelled,M,12/26/2021 7:13:00,,,,1
582,479,Cancelled,M,3/15/2022 7:13:00,,,,4
583,480,Complete,F,5/2/2023 14:57:00,,5/4/2023 19:30:00,5/8/2023 22:13:00,1
584,481,Returned,F,12/31/2021 8:07:00,1/5/2022 14:19:00,12/31/2021 22:59:00,1/2/2022 18:32:00,2
585,481,Processing,F,11/23/2021 8:07:00,,,,1
586,481,Returned,F,9/4/2022 8:07:00,9/7/2022 22:42:00,9/4/2022 19:05:00,9/7/2022 16:15:00,1
587,481,Complete,F,8/28/2021 8:07:00,,8/29/2021 21:28:00,8/30/2021 22:20:00,1
588,482,Complete,M,7/7/2023 0:59:00,,7/9/2023 22:24:00,7/10/2023 20:11:00,1
589,483,Returned,M,2/5/2021 5:42:00,2/11/2021 13:29:00,2/6/2021 16:52:00,2/9/2021 2:36:00,1
590,484,Processing,F,8/2/2024 0:40:00,,,,3
591,484,Complete,F,4/1/2022 0:40:00,,4/1/2022 18:10:00,4/5/2022 13:16:00,2
592,486,Cancelled,F,11/25/2023 11:10:00,,,,1
593,486,Cancelled,F,3/17/2020 11:10:00,,,,1
594,487,Processing,M,7/10/2023 11:24:00,,,,1
595,488,Processing,M,2/21/2024 14:41:00,,,,2
596,488,Cancelled,M,2/24/2024 14:41:00,,,,2
597,489,Returned,M,2/25/2022 8:02:00,2/28/2022 6:23:00,2/26/2022 18:19:00,2/27/2022 23:49:00,1
598,490,Shipped,M,11/28/2023 0:04:00,,11/30/2023 9:21:00,,1
599,491,Complete,F,9/26/2023 13:42:00,,9/28/2023 11:36:00,10/1/2023 20:12:00,1
600,492,Processing,F,4/14/2024 10:45:00,,,,1
601,492,Shipped,F,11/28/2021 10:45:00,,11/30/2021 15:41:00,,1
602,492,Shipped,F,3/17/2024 10:45:00,,3/18/2024 5:09:00,,1
603,492,Complete,F,5/17/2022 10:45:00,,5/18/2022 1:13:00,5/21/2022 23:52:00,1
604,493,Shipped,M,3/13/2024 17:59:00,,3/16/2024 0:21:00,,2
605,493,Complete,M,10/18/2023 17:59:00,,10/21/2023 8:25:00,10/22/2023 21:58:00,1
606,494,Complete,F,9/6/2024 17:26:47,,9/7/2024 1:46:47,9/8/2024 4:33:47,1
607,494,Processing,F,9/9/2024 17:26:47,,,,1
608,495,Processing,F,1/30/2023 0:30:00,,,,2
609,497,Cancelled,M,5/1/2021 3:59:00,,,,1
610,498,Cancelled,F,9/6/2024 15:16:47,,,,1
611,498,Complete,F,9/8/2024 15:16:47,,9/10/2024 9:13:47,9/11/2024 5:30:47,1
612,499,Cancelled,F,9/11/2021 1:43:00,,,,1
613,499,Processing,F,9/3/2020 1:43:00,,,,1
614,499,Complete,F,1/3/2022 1:43:00,,1/5/2022 19:29:00,1/10/2022 3:22:00,1
615,500,Processing,F,10/18/2020 11:27:00,,,,1
616,501,Complete,M,7/12/2024 2:39:00,,7/12/2024 10:11:00,7/13/2024 19:57:00,2
617,501,Returned,M,4/6/2024 2:39:00,4/10/2024 22:43:00,4/6/2024 20:50:00,4/10/2024 16:42:00,1
618,502,Cancelled,F,8/9/2024 16:22:00,,,,1
619,502,Cancelled,F,4/12/2024 16:22:00,,,,3
620,502,Shipped,F,6/15/2024 16:22:00,,6/17/2024 17:42:00,,1
621,504,Shipped,M,12/11/2023 14:48:00,,12/13/2023 2:38:00,,2
622,505,Complete,F,9/18/2022 17:46:00,,9/20/2022 1:41:00,9/22/2022 16:01:00,2
623,507,Cancelled,F,8/4/2024 13:03:00,,,,2
624,507,Shipped,F,2/27/2024 13:03:00,,2/29/2024 18:50:00,,3
625,509,Cancelled,M,7/19/2024 3:56:00,,,,3
626,510,Processing,F,12/27/2022 11:58:00,,,,1
627,511,Complete,F,9/7/2024 2:24:00,,9/9/2024 11:36:00,9/12/2024 22:24:00,2
628,512,Cancelled,F,7/19/2024 16:38:00,,,,1
629,513,Returned,F,11/1/2021 6:44:00,11/10/2021 0:09:00,11/3/2021 3:37:00,11/7/2021 23:10:00,1
630,513,Complete,F,1/7/2020 6:44:00,,1/9/2020 19:05:00,1/10/2020 20:33:00,1
631,514,Complete,F,1/1/2022 8:13:00,,1/3/2022 11:24:00,1/6/2022 8:03:00,1
632,514,Shipped,F,7/5/2023 8:13:00,,7/7/2023 4:11:00,,2
633,515,Complete,M,1/6/2024 12:37:00,,1/8/2024 3:45:00,1/8/2024 7:44:00,1
634,516,Cancelled,F,1/25/2024 18:29:00,,,,1
635,516,Shipped,F,6/3/2024 18:29:00,,6/4/2024 17:56:00,,1
636,518,Complete,M,12/30/2023 5:37:00,,12/30/2023 8:15:00,12/31/2023 8:14:00,1
637,519,Processing,M,12/16/2023 3:34:00,,,,1
638,519,Complete,M,12/25/2023 3:34:00,,12/26/2023 2:37:00,12/27/2023 5:23:00,1
639,519,Cancelled,M,3/16/2023 3:34:00,,,,1
640,520,Complete,F,2/14/2022 18:37:00,,2/15/2022 22:31:00,2/17/2022 18:04:00,2
641,521,Processing,M,1/9/2020 11:44:00,,,,1
642,522,Complete,F,11/2/2023 6:54:00,,11/2/2023 16:08:00,11/7/2023 4:20:00,2
643,524,Processing,F,12/5/2022 9:10:00,,,,2
644,525,Shipped,M,10/16/2020 1:51:00,,10/17/2020 11:43:00,,1
645,526,Processing,F,3/31/2021 6:33:00,,,,1
646,526,Shipped,F,5/27/2024 6:33:00,,5/27/2024 13:17:00,,3
647,527,Returned,M,1/17/2024 7:20:00,1/22/2024 9:06:00,1/17/2024 14:41:00,1/21/2024 0:55:00,2
648,527,Complete,M,2/24/2021 7:20:00,,2/25/2021 12:24:00,3/2/2021 7:24:00,1
649,527,Shipped,M,10/22/2021 7:20:00,,10/22/2021 12:12:00,,1
650,528,Shipped,M,1/13/2024 17:46:00,,1/13/2024 22:05:00,,1
651,529,Processing,F,4/28/2024 8:41:00,,,,2
652,530,Processing,M,9/26/2022 16:49:00,,,,1
653,532,Shipped,F,3/6/2023 2:16:00,,3/8/2023 10:18:00,,1
654,535,Shipped,M,6/27/2022 10:17:00,,6/28/2022 6:33:00,,1
655,536,Processing,M,11/29/2023 4:00:00,,,,1
656,536,Complete,M,8/3/2023 4:00:00,,8/4/2023 0:38:00,8/8/2023 4:01:00,1
657,537,Processing,M,8/28/2020 0:18:00,,,,1
658,538,Complete,M,7/18/2024 14:38:00,,7/21/2024 3:05:00,7/23/2024 11:42:00,4
659,539,Cancelled,M,1/2/2022 0:34:00,,,,1
660,539,Shipped,M,4/1/2023 0:34:00,,4/1/2023 16:09:00,,1
661,539,Cancelled,M,8/9/2021 0:34:00,,,,1
662,540,Shipped,M,10/17/2021 13:12:00,,10/20/2021 4:26:00,,3
663,541,Cancelled,M,11/2/2020 15:20:00,,,,2
664,542,Returned,M,9/19/2023 2:49:00,9/26/2023 19:03:00,9/21/2023 6:17:00,9/25/2023 21:32:00,1
665,544,Cancelled,F,8/1/2022 8:24:00,,,,1
666,545,Complete,M,3/10/2023 0:50:00,,3/12/2023 10:25:00,3/14/2023 20:15:00,2
667,545,Shipped,M,5/8/2023 0:50:00,,5/10/2023 10:48:00,,1
668,547,Processing,M,12/20/2021 18:10:00,,,,2
669,548,Shipped,M,9/6/2021 14:45:00,,9/7/2021 21:07:00,,1
670,550,Returned,M,11/24/2023 7:41:00,11/30/2023 5:15:00,11/26/2023 16:13:00,11/27/2023 17:04:00,1
671,550,Complete,M,8/1/2024 7:41:00,,8/3/2024 13:34:00,8/4/2024 17:55:00,1
672,552,Processing,F,6/20/2021 3:36:00,,,,1
673,553,Processing,M,2/9/2024 13:13:00,,,,3
674,554,Processing,M,2/24/2024 10:44:00,,,,1
675,554,Complete,M,5/15/2024 10:44:00,,5/15/2024 17:07:00,5/18/2024 7:46:00,1
676,554,Processing,M,4/10/2024 10:44:00,,,,1
677,555,Shipped,M,4/21/2023 12:18:00,,4/23/2023 9:39:00,,3
678,556,Processing,F,11/27/2022 13:42:00,,,,2
679,556,Complete,F,3/18/2022 13:42:00,,3/19/2022 0:45:00,3/19/2022 13:58:00,2
680,558,Processing,M,9/19/2020 12:43:00,,,,2
681,558,Cancelled,M,4/11/2022 12:43:00,,,,1
682,559,Complete,M,4/9/2022 1:44:00,,4/9/2022 8:29:00,4/11/2022 3:01:00,4
683,559,Processing,M,1/9/2023 1:44:00,,,,1
684,560,Shipped,M,5/24/2024 1:27:00,,5/26/2024 4:01:00,,2
685,561,Complete,F,10/27/2022 11:03:00,,10/27/2022 18:44:00,10/31/2022 18:24:00,1
686,562,Shipped,M,6/22/2022 7:51:00,,6/23/2022 19:05:00,,1
687,562,Complete,M,3/8/2022 7:51:00,,3/8/2022 9:43:00,3/9/2022 11:38:00,1
688,565,Complete,M,9/2/2021 0:41:00,,9/3/2021 13:01:00,9/7/2021 17:00:00,1
689,566,Processing,M,1/6/2020 17:02:00,,,,1
690,566,Complete,M,2/4/2024 17:02:00,,2/5/2024 14:18:00,2/9/2024 3:49:00,2
691,567,Complete,M,7/16/2024 7:40:00,,7/17/2024 4:46:00,7/21/2024 20:34:00,1
692,568,Processing,M,9/9/2024 10:01:48,,,,4
693,568,Complete,M,9/9/2024 10:01:48,,9/11/2024 18:50:48,9/14/2024 6:57:48,1
694,568,Shipped,M,9/9/2024 10:01:48,,9/12/2024 1:11:48,,1
695,568,Shipped,M,9/9/2024 10:01:48,,9/10/2024 2:39:48,,1
696,572,Shipped,M,9/6/2024 5:01:48,,9/6/2024 9:40:48,,1
697,572,Shipped,M,9/6/2024 5:01:48,,9/8/2024 9:03:48,,4
698,572,Complete,M,9/8/2024 5:01:48,,9/10/2024 15:37:48,9/11/2024 23:26:48,1
699,572,Shipped,M,9/9/2024 5:01:48,,9/12/2024 0:10:48,,3
700,573,Returned,M,8/6/2020 6:57:00,8/14/2020 6:10:00,8/7/2020 14:07:00,8/12/2020 3:50:00,1
701,574,Processing,F,7/20/2023 9:53:00,,,,1
702,574,Complete,F,6/2/2023 9:53:00,,6/4/2023 10:19:00,6/8/2023 13:58:00,1
703,576,Complete,M,2/3/2024 7:57:00,,2/3/2024 15:58:00,2/4/2024 1:26:00,2
704,578,Cancelled,M,9/2/2023 3:27:00,,,,1
705,579,Complete,M,12/10/2023 5:57:00,,12/12/2023 2:57:00,12/14/2023 20:07:00,1
706,580,Shipped,F,4/7/2022 16:08:00,,4/8/2022 22:44:00,,1
707,581,Cancelled,F,11/9/2022 14:01:00,,,,1
708,581,Shipped,F,7/2/2024 14:01:00,,7/3/2024 10:22:00,,1
709,582,Shipped,F,8/13/2024 9:42:00,,8/15/2024 12:21:00,,4
710,583,Returned,F,2/10/2024 1:10:00,2/12/2024 2:52:00,2/11/2024 0:13:00,2/11/2024 1:53:00,2
711,583,Shipped,F,2/5/2024 1:10:00,,2/5/2024 19:42:00,,1
712,585,Shipped,M,3/8/2024 17:23:00,,3/10/2024 6:26:00,,1
713,585,Shipped,M,8/29/2024 17:23:00,,8/30/2024 2:13:00,,2
714,587,Complete,F,8/25/2022 13:12:00,,8/27/2022 10:56:00,8/31/2022 17:48:00,2
715,587,Processing,F,5/30/2023 13:12:00,,,,1
716,588,Cancelled,F,12/6/2023 3:29:00,,,,1
717,591,Complete,M,2/18/2021 8:46:00,,2/20/2021 20:45:00,2/20/2021 20:57:00,1
718,591,Complete,M,8/7/2022 8:46:00,,8/8/2022 8:03:00,8/12/2022 2:10:00,1
719,593,Returned,M,1/31/2024 1:47:00,2/7/2024 18:50:00,2/2/2024 6:00:00,2/6/2024 17:31:00,1
720,596,Complete,F,6/23/2023 1:50:00,,6/24/2023 16:49:00,6/27/2023 0:41:00,1
721,597,Returned,M,5/3/2024 11:00:00,5/11/2024 1:24:00,5/5/2024 18:44:00,5/10/2024 17:45:00,1
722,597,Processing,M,12/23/2023 11:00:00,,,,3
723,598,Returned,F,8/12/2023 10:40:00,8/19/2023 0:21:00,8/14/2023 3:20:00,8/18/2023 20:52:00,1
724,598,Cancelled,F,6/23/2024 10:40:00,,,,2
725,598,Shipped,F,11/23/2023 10:40:00,,11/24/2023 23:47:00,,1
726,598,Complete,F,4/30/2024 10:40:00,,5/1/2024 23:17:00,5/5/2024 11:39:00,1
727,599,Shipped,M,11/28/2023 8:39:00,,11/28/2023 19:54:00,,1
728,599,Shipped,M,12/22/2023 8:39:00,,12/23/2023 1:39:00,,1
729,600,Processing,F,4/17/2023 13:57:00,,,,1
730,601,Complete,F,9/2/2022 16:47:00,,9/3/2022 23:31:00,9/4/2022 19:09:00,1
731,601,Complete,F,4/22/2023 16:47:00,,4/24/2023 21:46:00,4/26/2023 16:34:00,1
732,601,Complete,F,11/29/2022 16:47:00,,11/30/2022 14:25:00,12/1/2022 17:02:00,1
733,601,Shipped,F,12/26/2022 16:47:00,,12/26/2022 21:27:00,,1
734,602,Processing,F,8/26/2024 8:47:00,,,,1
735,603,Shipped,M,6/11/2021 14:27:00,,6/14/2021 4:29:00,,3
736,604,Processing,M,4/4/2024 2:15:00,,,,2
737,604,Shipped,M,5/8/2024 2:15:00,,5/10/2024 14:39:00,,2
738,604,Shipped,M,2/16/2024 2:15:00,,2/16/2024 17:04:00,,2
739,604,Complete,M,8/8/2024 2:15:00,,8/10/2024 1:01:00,8/10/2024 21:58:00,2
740,605,Complete,M,1/15/2021 2:04:00,,1/15/2021 14:18:00,1/17/2021 6:40:00,1
741,606,Shipped,M,9/16/2023 8:04:00,,9/17/2023 0:43:00,,1
742,607,Complete,F,8/18/2024 2:00:00,,8/18/2024 21:30:00,8/19/2024 4:43:00,1
743,609,Cancelled,M,2/11/2023 5:08:00,,,,1
744,609,Complete,M,4/19/2024 5:08:00,,4/22/2024 3:56:00,4/27/2024 2:11:00,1
745,610,Cancelled,F,5/3/2021 1:26:00,,,,1
746,610,Complete,F,3/7/2024 1:26:00,,3/7/2024 23:14:00,3/10/2024 14:12:00,4
747,613,Shipped,M,4/5/2023 17:12:00,,4/6/2023 10:34:00,,2
748,614,Processing,F,11/3/2020 18:01:00,,,,1
749,614,Processing,F,10/27/2020 18:01:00,,,,1
750,614,Complete,F,12/3/2019 18:01:00,,12/6/2019 13:38:00,12/10/2019 2:40:00,1
751,615,Returned,F,3/3/2020 9:15:00,3/8/2020 6:15:00,3/4/2020 19:44:00,3/6/2020 14:00:00,1
752,619,Shipped,M,7/7/2024 13:53:00,,7/9/2024 12:52:00,,1
753,619,Shipped,M,6/8/2024 13:53:00,,6/10/2024 10:38:00,,3
754,620,Cancelled,,7/19/2023 13:12:00,,,,3
755,621,Complete,F,3/27/2023 3:15:00,,3/27/2023 20:05:00,4/1/2023 0:27:00,1
756,622,Shipped,F,11/18/2022 14:10:00,,11/21/2022 4:07:00,,1
757,624,Shipped,M,5/10/2023 2:49:00,,5/10/2023 10:52:00,,1
758,625,Shipped,F,11/6/2022 3:00:00,,11/7/2022 2:10:00,,1
759,625,Shipped,F,6/19/2022 3:00:00,,6/21/2022 17:18:00,,1
760,626,Complete,F,12/6/2023 7:20:00,,12/6/2023 11:31:00,12/8/2023 6:02:00,1
761,626,Shipped,F,1/7/2024 7:20:00,,1/8/2024 15:34:00,,2
762,628,Returned,M,9/7/2024 7:43:49,9/15/2024 7:01:49,9/8/2024 0:35:49,9/12/2024 20:01:49,1
763,628,Processing,M,9/9/2024 7:43:49,,,,1
764,630,Complete,M,7/28/2024 16:05:00,,7/31/2024 4:26:00,8/3/2024 10:50:00,1
765,631,Returned,M,7/27/2024 4:55:00,8/2/2024 1:20:00,7/29/2024 21:04:00,7/30/2024 7:39:00,1
766,632,Cancelled,M,4/18/2023 16:08:00,,,,1
767,635,Cancelled,M,7/15/2022 7:03:00,,,,1
768,635,Complete,M,3/2/2023 7:03:00,,3/5/2023 2:42:00,3/7/2023 18:50:00,1
769,636,Returned,F,5/17/2024 5:44:00,5/22/2024 10:49:00,5/18/2024 14:00:00,5/19/2024 19:36:00,1
770,637,Processing,F,6/4/2022 4:02:00,,,,1
771,637,Shipped,F,7/6/2023 4:02:00,,7/7/2023 0:04:00,,1
772,638,Shipped,M,3/26/2024 8:49:00,,3/26/2024 15:48:00,,1
773,639,Processing,M,3/11/2024 0:53:00,,,,1
774,640,Shipped,F,6/8/2024 12:11:00,,6/9/2024 19:54:00,,2
775,641,Returned,F,6/25/2024 5:00:00,6/26/2024 14:21:00,6/26/2024 1:14:00,6/26/2024 9:15:00,1
776,641,Shipped,F,3/10/2022 5:00:00,,3/11/2022 7:42:00,,4
777,641,Returned,F,2/16/2022 5:00:00,2/22/2022 23:15:00,2/17/2022 23:32:00,2/20/2022 0:34:00,1
778,643,Processing,M,5/25/2021 8:54:00,,,,1
779,647,Complete,F,10/16/2021 15:21:00,,10/18/2021 21:16:00,10/20/2021 3:40:00,1
780,647,Processing,F,2/12/2022 15:21:00,,,,1
781,648,Complete,M,9/1/2024 8:22:00,,9/3/2024 3:23:00,9/6/2024 17:21:00,1
782,648,Complete,M,7/29/2024 8:22:00,,7/31/2024 21:45:00,8/2/2024 6:55:00,1
783,649,Shipped,M,7/23/2022 1:05:00,,7/25/2022 23:56:00,,4
784,650,Shipped,M,4/9/2024 10:04:00,,4/12/2024 3:09:00,,4
785,650,Shipped,M,12/30/2020 10:04:00,,1/2/2021 1:22:00,,1
786,651,Processing,M,11/22/2023 2:29:00,,,,2
787,652,Processing,F,10/7/2022 13:35:00,,,,1
788,653,Complete,F,5/2/2024 5:01:00,,5/4/2024 15:29:00,5/9/2024 5:34:00,1
789,654,Shipped,F,5/16/2024 2:14:00,,5/16/2024 14:57:00,,1
790,654,Shipped,F,2/5/2023 2:14:00,,2/6/2023 1:06:00,,2
791,654,Cancelled,F,1/29/2021 2:14:00,,,,2
792,654,Complete,F,3/4/2020 2:14:00,,3/5/2020 4:02:00,3/7/2020 12:42:00,1
793,655,Processing,F,10/25/2021 16:32:00,,,,2
794,655,Complete,F,5/22/2024 16:32:00,,5/23/2024 21:38:00,5/24/2024 8:57:00,1
795,656,Complete,F,7/23/2024 7:30:00,,7/25/2024 18:06:00,7/27/2024 5:26:00,1
796,656,Complete,F,12/8/2023 7:30:00,,12/9/2023 23:16:00,12/11/2023 21:15:00,1
797,657,Shipped,M,5/3/2024 17:28:00,,5/4/2024 15:23:00,,3
798,658,Shipped,M,12/17/2023 15:29:00,,12/19/2023 15:47:00,,1
799,659,Returned,F,12/20/2021 18:32:00,12/28/2021 2:12:00,12/23/2021 15:48:00,12/25/2021 23:14:00,1
800,659,Cancelled,F,1/27/2022 18:32:00,,,,1
801,661,Processing,M,9/9/2024 17:57:50,,,,1
802,662,Shipped,F,3/21/2024 4:08:00,,3/24/2024 1:54:00,,1
803,662,Shipped,F,4/21/2024 4:08:00,,4/21/2024 21:55:00,,1
804,663,Cancelled,F,6/7/2024 12:25:00,,,,1
805,664,Cancelled,M,8/11/2023 9:20:00,,,,3
806,665,Processing,M,1/15/2024 1:33:00,,,,1
807,666,Shipped,M,1/29/2023 14:23:00,,1/31/2023 0:27:00,,1
808,666,Complete,M,10/14/2020 14:23:00,,10/15/2020 2:47:00,10/18/2020 11:54:00,2
809,666,Shipped,M,2/13/2023 14:23:00,,2/14/2023 19:29:00,,1
808,668,Cancelled,F,10/8/2022 12:24:00,,,,1
811,669,Returned,F,6/26/2019 15:35:00,7/4/2019 10:06:00,6/28/2019 13:38:00,7/2/2019 12:32:00,1
812,670,Complete,M,9/15/2023 8:11:00,,9/18/2023 2:20:00,9/19/2023 12:36:00,4
813,670,Processing,M,9/28/2023 8:11:00,,,,1
814,671,Shipped,F,1/17/2022 11:54:00,,1/20/2022 7:16:00,,1
815,671,Cancelled,F,12/1/2021 11:54:00,,,,2
816,672,Shipped,M,7/21/2024 5:21:00,,7/22/2024 2:32:00,,1
817,674,Returned,M,7/25/2023 2:35:00,7/29/2023 16:33:00,7/25/2023 14:55:00,7/27/2023 17:20:00,1
818,674,Shipped,M,10/2/2023 2:35:00,,10/4/2023 11:59:00,,4
819,675,Proc,F,2/10/2024 1:13:00,,,,1
820,676,Shipped,M,6/26/2024 17:01:00,,6/27/2024 18:05:00,,2
821,677,Complete,F,3/7/2023 2:18:00,,3/7/2023 23:13:00,3/10/2023 11:59:00,3
822,678,Returned,F,8/16/2024 4:45:00,8/24/2024 4:09:00,8/17/2024 11:03:00,8/22/2024 7:45:00,1
823,678,Shipped,F,1/7/2024 4:45:00,,1/7/2024 7:37:00,,1
824,680,Complete,F,1/21/2024 5:11:00,,1/23/2024 10:26:00,1/23/2024 13:36:00,1
825,680,Processing,F,3/4/2023 5:11:00,,,,1
826,680,Complete,F,4/30/2024 5:11:00,,5/1/2024 15:41:00,5/4/2024 13:16:00,1
827,680,Processing,F,8/31/2023 5:11:00,,,,1
828,683,Shipped,F,1/3/2022 18:37:00,,1/6/2022 0:32:00,,1
829,683,Complete,F,5/14/2022 18:37:00,,5/17/2022 18:22:00,5/20/2022 18:34:00,1
830,685,Shipped,F,11/19/2023 16:27:00,,11/21/2023 7:10:00,,1
831,685,Complete,F,10/2/2023 16:27:00,,10/4/2023 14:57:00,10/6/2023 21:25:00,1
832,685,Shipped,F,12/19/2023 16:27:00,,12/21/2023 11:29:00,,1
833,686,Returned,M,8/8/2021 5:33:00,8/14/2021 16:39:00,8/10/2021 14:13:00,8/14/2021 1:29:00,1
834,687,Processing,M,8/7/2022 11:37:00,,,,4
835,688,Shipped,M,5/3/2022 10:41:00,,5/5/2022 15:32:00,,1
836,689,Complete,M,5/6/2024 11:45:00,,5/8/2024 3:05:00,5/11/2024 18:38:00,1
837,689,Shipped,M,6/17/2023 11:45:00,,6/17/2023 20:53:00,,2
838,689,Cancelled,M,12/31/2021 11:45:00,,,,1
839,689,Complete,M,1/22/2021 11:45:00,,1/22/2021 22:23:00,1/23/2021 4:54:00,1
840,690,Complete,F,8/12/2024 10:21:00,,8/14/2024 17:15:00,8/19/2024 4:16:00,3
841,690,Cancelled,F,4/22/2024 10:21:00,,,,2
842,690,Processing,F,5/21/2023 10:21:00,,,,3
843,691,Cancelled,F,7/24/2022 6:08:00,,,,1
844,693,Shipped,F,5/13/2024 17:04:00,,5/15/2024 11:32:00,,1
845,694,Processing,F,6/14/2023 2:04:00,,,,2
846,695,Returned,M,6/22/2021 12:18:00,6/29/2021 2:47:00,6/25/2021 1:43:00,6/28/2021 0:49:00,4
847,696,Complete,F,8/9/2023 4:10:00,,8/11/2023 20:15:00,8/12/2023 14:58:00,1
848,696,Returned,F,9/12/2023 4:10:00,9/18/2023 21:42:00,9/12/2023 17:51:00,9/16/2023 21:46:00,1
849,696,Returned,F,6/22/2023 4:10:00,6/25/2023 5:13:00,6/22/2023 6:06:00,6/23/2023 16:22:00,1
850,696,Shipped,F,10/20/2022 4:10:00,,10/23/2022 2:09:00,,3
851,697,Shipped,F,3/24/2023 11:04:00,,3/24/2023 14:04:00,,1
852,698,Processing,F,9/7/2024 6:32:50,,,,2
853,698,Shipped,F,9/7/2024 6:32:50,,9/10/2024 1:09:50,,1
854,700,Cancelled,F,2/4/2023 7:04:00,,,,4
855,700,Returned,F,4/19/2023 7:04:00,4/23/2023 3:51:00,4/19/2023 14:07:00,4/22/2023 20:56:00,2
856,701,Complete,F,8/19/2024 18:14:00,,8/20/2024 21:01:00,8/22/2024 17:25:00,2
857,701,Processing,F,2/4/2024 18:14:00,,,,1
858,701,Processing,F,8/28/2024 18:14:00,,,,1
859,703,Processing,M,3/19/2024 11:03:00,,,,2
860,706,Shipped,M,12/22/2023 14:12:00,,12/24/2023 13:01:00,,1
861,707,Complete,F,7/7/2024 3:19:00,,7/7/2024 3:58:00,7/10/2024 16:20:00,1
862,709,Cancelled,F,8/30/2024 15:07:00,,,,1
863,710,Processing,F,10/6/2023 7:18:00,,,,1
864,712,Processing,F,9/27/2022 9:33:00,,,,1
865,713,Processing,F,8/8/2024 14:47:00,,,,1
866,716,Shipped,M,7/16/2019 5:44:00,,7/17/2019 18:31:00,,1
867,717,Processing,M,3/29/2023 14:07:00,,,,1
868,717,Complete,M,6/10/2023 14:07:00,,6/13/2023 8:38:00,6/17/2023 2:34:00,1
869,718,Complete,M,7/20/2024 13:47:00,,7/23/2024 11:22:00,7/24/2024 11:22:00,3
870,718,Returned,M,10/17/2022 13:47:00,10/22/2022 12:49:00,10/19/2022 11:47:00,10/21/2022 1:06:00,1
871,719,Returned,M,5/2/2023 18:37:00,5/10/2023 20:52:00,5/5/2023 5:56:00,5/9/2023 18:51:00,1
872,720,Cancelled,F,6/25/2024 8:22:00,,,,1
873,723,Shipped,F,6/21/2024 17:21:00,,6/23/2024 11:49:00,,3
874,724,Cancelled,F,5/28/2024 6:16:00,,,,1
875,724,Cancelled,F,6/15/2023 6:16:00,,,,3
876,725,Cancelled,M,2/10/2024 11:47:00,,,,1
877,725,Complete,M,7/19/2020 11:47:00,,7/22/2020 7:27:00,7/25/2020 5:45:00,1
878,726,Shipped,F,8/10/2024 12:49:00,,8/12/2024 19:40:00,,1
879,726,Complete,F,1/23/2024 12:49:00,,1/25/2024 23:13:00,1/27/2024 14:41:00,1
880,726,Processing,F,3/9/2024 12:49:00,,,,1
881,728,Processing,M,9/13/2022 16:21:00,,,,1
882,728,Shipped,M,8/12/2024 16:21:00,,8/13/2024 9:39:00,,3
883,729,Shipped,M,12/9/2023 18:07:00,,12/11/2023 16:48:00,,4
884,730,Complete,F,1/27/2022 0:31:00,,1/28/2022 9:04:00,1/31/2022 20:22:00,1
885,731,Cancelled,F,11/29/2021 14:51:00,,,,1
886,731,Shipped,F,10/4/2023 14:51:00,,10/6/2023 13:29:00,,1
887,732,Complete,M,11/25/2020 6:39:00,,11/26/2020 8:20:00,11/28/2020 0:36:00,1
888,733,Processing,M,9/9/2024 0:48:51,,,,2
889,733,Shipped,M,9/8/2024 0:48:51,,9/8/2024 7:21:51,,3
890,733,Complete,M,9/9/2024 0:48:51,,9/9/2024 21:09:51,9/12/2024 8:14:51,1
891,734,Shipped,M,10/6/2022 7:05:00,,10/7/2022 9:17:00,,1
892,735,Complete,M,6/22/2022 18:58:00,,6/24/2022 0:47:00,6/24/2022 23:11:00,1
893,735,Shipped,M,10/8/2022 18:58:00,,10/10/2022 4:26:00,,1
894,736,Shipped,F,9/19/2021 1:10:00,,9/20/2021 22:03:00,,1
895,736,Cancelled,F,2/25/2023 1:10:00,,,,1
896,738,Complete,M,9/8/2024 12:43:00,,9/9/2024 17:07:00,9/14/2024 14:30:00,1
897,738,Shipped,M,9/9/2024 12:43:00,,9/11/2024 23:53:00,,1
898,739,Processing,F,6/3/2024 8:44:00,,,,2
899,741,Returned,F,10/9/2022 8:31:00,10/15/2022 10:57:00,10/10/2022 7:32:00,10/14/2022 12:18:00,1
900,743,Complete,F,9/18/2023 1:29:00,,9/20/2023 9:55:00,9/24/2023 17:01:00,1
901,743,SH,F,11/1/2023 1:29:00,,11/1/2023 6:55:00,,2
902,744,Shipped,F,10/21/2021 9:28:00,,10/23/2021 2:11:00,,4
903,746,Shipped,M,9/13/2022 12:33:00,,9/14/2022 23:40:00,,1
904,746,Complete,M,5/22/2020 12:33:00,,5/23/2020 3:47:00,5/23/2020 14:44:00,2
905,747,Cancelled,M,5/31/2022 17:18:00,,,,1
906,748,Complete,M,1/7/2024 15:01:00,,1/9/2024 5:54:00,1/14/2024 1:19:00,1
907,749,Complete,F,7/31/2024 6:58:00,,8/2/2024 17:58:00,8/6/2024 5:11:00,1
908,750,Cancelled,M,5/27/2024 8:30:00,,,,1
909,751,Complete,M,7/13/2021 10:11:00,,7/13/2021 14:27:00,7/16/2021 18:41:00,1
910,752,Cancelled,F,9/8/2024 1:21:00,,,,1
911,755,Shipped,M,7/4/2024 1:30:00,,7/4/2024 14:36:00,,1
912,756,Complete,M,9/1/2024 16:03:00,,9/4/2024 3:48:00,9/7/2024 14:50:00,1
913,758,Cancelled,M,1/26/2024 6:02:00,,,,2
914,758,Shipped,M,1/9/2024 6:02:00,,1/10/2024 14:29:00,,1
915,759,Processing,M,5/23/2023 4:51:00,,,,2
916,760,Complete,F,8/19/2024 11:18:00,,8/20/2024 5:25:00,8/24/2024 6:09:00,1
917,760,Processing,F,4/23/2024 11:18:00,,,,1
918,760,Complete,F,7/2/2024 11:18:00,,7/4/2024 9:49:00,7/8/2024 10:36:00,1
919,760,Processing,F,9/6/2024 11:18:00,,,,2
920,761,Complete,M,7/2/2023 15:52:00,,7/5/2023 9:21:00,7/10/2023 0:53:00,2
921,762,Complete,M,3/28/2023 8:26:00,,3/30/2023 0:20:00,4/2/2023 2:15:00,2
922,763,Cancelled,M,7/18/2024 2:19:00,,,,1
923,765,Complete,M,11/3/2022 12:05:00,,11/4/2022 2:00:00,11/5/2022 17:49:00,1
924,765,Processing,M,8/5/2022 12:05:00,,,,1
925,766,Shipped,F,9/24/2020 3:22:00,,9/27/2020 1:18:00,,1
926,766,Shipped,F,9/23/2020 3:22:00,,9/23/2020 18:55:00,,3
927,767,Processing,F,8/15/2024 9:54:00,,,,1
928,768,Shipped,F,7/29/2023 3:34:00,,7/29/2023 23:47:00,,3
929,768,Cancelled,F,1/3/2024 3:34:00,,,,4
930,769,,M,6/15/2023 0:44:00,6/24/2023 3:35:00,6/17/2023 0:59:00,6/21/2023 13:15:00,2
931,769,Returned,M,4/11/2023 0:44:00,4/16/2023 12:03:00,4/12/2023 23:35:00,4/14/2023 18:02:00,1
932,769,Processing,M,5/11/2023 0:44:00,,,,1
933,769,Shipped,M,8/31/2020 0:44:00,,9/1/2020 2:00:00,,2
934,770,Processing,F,5/10/2022 11:08:00,,,,1
935,772,Processing,M,5/26/2024 10:33:00,,,,1
936,773,Shipped,M,9/7/2024 11:57:00,,9/9/2024 7:26:00,,2
937,773,Cancelled,M,12/9/2023 11:57:00,,,,1
938,773,Shipped,M,8/30/2023 11:57:00,,9/1/2023 14:02:00,,2
939,774,Processing,F,3/16/2023 8:03:00,,,,2
940,775,Complete,M,10/7/2023 17:15:00,,10/9/2023 20:34:00,10/11/2023 13:44:00,1
941,775,Returned,M,8/20/2024 17:15:00,8/25/2024 19:50:00,8/21/2024 7:02:00,8/24/2024 23:33:00,1
942,775,Cancelled,M,9/27/2023 17:15:00,,,,1
943,775,Shipped,M,1/29/2024 17:15:00,,1/30/2024 0:04:00,,1
944,777,Shipped,F,5/22/2022 7:47:00,,5/23/2022 3:12:00,,4
945,780,Shipped,F,7/14/2024 11:05:00,,7/15/2024 14:21:00,,1
946,784,Processing,M,7/7/2024 2:59:00,,,,1
947,786,Complete,F,3/9/2022 12:47:00,,3/11/2022 21:54:00,3/16/2022 9:56:00,1
948,786,Complete,F,11/15/2019 12:47:00,,11/16/2019 16:01:00,11/21/2019 8:33:00,3
949,787,Shipped,M,7/16/2023 3:46:00,,7/16/2023 6:02:00,,1
950,787,Complete,M,1/27/2024 3:46:00,,1/27/2024 11:07:00,1/31/2024 16:16:00,1
951,788,Shipped,F,1/28/2023 17:37:00,,1/30/2023 1:29:00,,2
952,789,Complete,F,5/20/2024 0:02:00,,5/22/2024 7:52:00,5/23/2024 6:50:00,1
953,789,Shipped,F,2/20/2024 0:02:00,,2/20/2024 3:45:00,,3
954,790,Returned,F,4/13/2023 15:08:00,4/19/2023 11:34:00,4/15/2023 6:09:00,4/17/2023 16:51:00,2
955,790,Complete,F,10/15/2023 15:08:00,,10/15/2023 15:22:00,10/18/2023 14:47:00,1
956,790,Complete,F,12/15/2022 15:08:00,,12/17/2022 22:06:00,12/18/2022 23:39:00,4
957,790,Cancelled,F,11/9/2022 15:08:00,,,,1
958,791,Shipped,M,4/17/2022 2:17:00,,4/19/2022 17:59:00,,1
959,791,Returned,M,3/9/2020 2:17:00,3/17/2020 4:15:00,3/11/2020 0:57:00,3/15/2020 9:25:00,1
960,791,Complete,M,8/27/2019 2:17:00,,8/27/2019 3:36:00,8/29/2019 19:04:00,1
961,791,Shipped,M,9/26/2020 2:17:00,,9/28/2020 17:21:00,,1
962,792,Returned,M,1/21/2023 3:17:00,1/27/2023 14:56:00,1/22/2023 12:43:00,1/25/2023 11:27:00,1
963,792,Returned,M,8/8/2024 3:17:00,8/10/2024 17:10:00,8/8/2024 15:21:00,8/9/2024 7:29:00,1
964,793,Processing,F,5/22/2024 10:35:00,,,,1
965,793,Cancelled,F,6/27/2024 10:35:00,,,,2
966,794,Returned,F,7/4/2024 10:38:00,7/8/2024 23:27:00,7/6/2024 1:53:00,7/8/2024 13:42:00,1
967,795,Shipped,F,10/9/2022 8:59:00,,10/11/2022 10:39:00,,2
968,795,Cancelled,F,7/29/2020 8:59:00,,,,1
969,795,Cancelled,F,7/15/2023 8:59:00,,,,4
970,795,Shipped,F,6/10/2022 8:59:00,,6/12/2022 7:21:00,,1
971,796,Shipped,M,6/25/2023 17:53:00,,6/28/2023 4:55:00,,1
972,796,Processing,M,7/26/2023 17:53:00,,,,1
973,797,Cancelled,M,11/27/2022 0:54:00,,,,2
974,798,Returned,F,10/12/2023 6:56:00,10/19/2023 0:13:00,10/12/2023 20:07:00,10/17/2023 19:09:00,1
975,799,Returned,F,9/10/2024 15:06:53,9/14/2024 22:58:53,9/13/2024 1:24:53,9/14/2024 14:49:53,2
976,800,Complete,M,2/18/2021 2:28:00,,2/20/2021 1:14:00,2/22/2021 11:15:00,3
977,801,Complete,M,7/1/2023 3:12:00,,7/1/2023 20:45:00,7/3/2023 22:05:00,1
978,802,Cancelled,M,8/2/2022 16:13:00,,,,2
979,802,Shipped,M,7/7/2022 16:13:00,,7/7/2022 23:18:00,,1
980,803,Processing,M,6/29/2023 18:41:00,,,,2
981,804,Complete,M,1/22/2022 8:00:00,,1/24/2022 7:58:00,1/24/2022 18:20:00,1
982,805,Processing,F,6/1/2024 6:53:00,,,,1
983,805,Complete,F,6/13/2024 6:53:00,,6/13/2024 20:03:00,6/14/2024 14:01:00,1
984,807,Complete,M,4/1/2023 7:01:00,,4/1/2023 19:19:00,4/4/2023 13:07:00,1
985,808,Complete,F,12/29/2023 11:08:00,,12/31/2023 2:48:00,1/4/2024 20:43:00,1
986,809,,F,6/5/2022 14:19:00,,,,1
987,810,Shipped,F,9/6/2024 12:24:00,,9/7/2024 8:59:00,,1
988,810,Processing,F,7/27/2024 12:24:00,,,,1
989,811,Shipped,F,7/2/2023 11:08:00,,7/4/2023 21:30:00,,1
990,812,Cancelled,M,6/15/2022 1:00:00,,,,1
991,816,Processing,M,12/31/2020 18:12:00,,,,1
992,816,Returned,M,6/10/2020 18:12:00,6/12/2020 9:11:00,6/11/2020 9:02:00,6/11/2020 13:22:00,1
999,817,Shipped,,9/16/2022 16:48:00,,9/18/2022 11:59:00,,3
994,818,Complete,F,10/14/2020 17:58:00,,10/17/2020 15:24:00,10/20/2020 20:42:00,1
995,818,Processing,F,6/21/2021 17:58:00,,,,3
996,819,Shipped,F,6/12/2023 14:41:00,,6/15/2023 14:20:00,,1
997,820,Complete,F,3/20/2022 17:01:00,,3/23/2022 9:41:00,3/25/2022 19:46:00,2
998,821,Shipped,M,9/1/2024 3:13:00,,9/3/2024 2:36:00,,1
999,823,Processing,F,6/16/2023 16:48:00,,,,1
1000,824,Complete,M,12/18/2022 11:45:00,,12/18/2022 19:36:00,12/19/2022 10:50:00,1